Columns,n,type,mean,std,min,25%,50%,75%,max,value 1,value 2,value 3,value 4,value 5,freq 1,freq 2,freq 3,freq 4,freq 5,freq others,freq NA
SocialNetwork_10,12410,float64,297.467284448,1409.86478123,0.0,24.0,87.0,256.0,72042.0,0.0,1.0,2.0,4.0,5.0,395.0,203.0,178.0,157.0,153.0,11324.0,37589.0
SocialNetwork_13,49999,int64,0.220444408888,0.420585675216,0.0,0.0,0.0,0.0,4.0,0.0,1.0,2.0,4.0,3.0,39099.0,10781.0,117.0,1.0,1.0,0.0,0.0
SocialNetwork_14,49999,int64,0.0618612372247,0.242230491247,0.0,0.0,0.0,0.0,3.0,0.0,1.0,2.0,3.0,,46921.0,3064.0,13.0,1.0,,0.0,0.0
SocialNetwork_16,49999,int64,0.0168403368067,0.128674282633,0.0,0.0,0.0,0.0,1.0,0.0,1.0,,,,49157.0,842.0,,,,0.0,0.0
SocialNetwork_3,1372,float64,2446.57361516,30347.0699564,0.0,9.0,46.0,205.0,1032721.0,1.0,0.0,5.0,3.0,4.0,112.0,39.0,38.0,34.0,32.0,1117.0,48627.0
SocialNetwork_4,1372,float64,222.895772595,396.163463098,0.0,30.0,84.0,215.25,2996.0,0.0,1.0,44.0,30.0,2.0,69.0,15.0,15.0,15.0,14.0,1244.0,48627.0
SocialNetwork_5,1370,float64,374.683941606,1022.0926921,0.0,7.0,62.5,290.0,17494.0,0.0,1.0,2.0,3.0,6.0,125.0,55.0,48.0,39.0,29.0,1074.0,48629.0
SocialNetwork_6,1370,float64,24.4430656934,163.080610905,0.0,0.0,0.0,4.0,4217.0,0.0,1.0,2.0,3.0,4.0,766.0,139.0,76.0,45.0,36.0,308.0,48629.0
SocialNetwork_8,12366,float64,121.946223516,753.733867384,0.0,35.0,72.0,122.0,56645.0,0.0,1.0,2.0,72.0,46.0,349.0,134.0,114.0,99.0,99.0,11571.0,37633.0
SocialNetwork_9,12383,float64,142.945893564,231.51046159,0.0,30.0,74.0,163.0,3242.0,0.0,2.0,3.0,4.0,5.0,243.0,196.0,156.0,154.0,143.0,11491.0,37616.0
UserInfo_10,49999,int64,0.311026220524,0.603803948365,0.0,0.0,0.0,0.0,2.0,0.0,1.0,2.0,,,38205.0,8037.0,3757.0,,,0.0,0.0
UserInfo_14,49999,int64,3.41556831137,1.16992357929,0.0,3.0,3.0,4.0,6.0,3.0,4.0,2.0,5.0,6.0,19032.0,11103.0,9627.0,6701.0,2675.0,861.0,0.0
UserInfo_15,49999,int64,3.41910838217,1.1669730717,0.0,3.0,3.0,4.0,6.0,3.0,4.0,2.0,5.0,6.0,19136.0,11104.0,9508.0,6756.0,2648.0,847.0,0.0
UserInfo_18,49999,int64,29.7508750175,6.39728497056,0.0,25.0,28.0,33.0,55.0,27.0,25.0,26.0,24.0,28.0,3947.0,3787.0,3780.0,3608.0,3430.0,31447.0,0.0
WeblogInfo_1,1624,float64,2.12315270936,7.81972518353,1.0,1.0,1.0,1.0,133.0,1.0,2.0,3.0,4.0,5.0,1250.0,210.0,63.0,32.0,16.0,53.0,48375.0
WeblogInfo_11,49999,int64,0.00482009640193,0.220632532243,0.0,0.0,0.0,0.0,18.0,0.0,1.0,2.0,3.0,18.0,49946.0,24.0,7.0,4.0,3.0,15.0,0.0
WeblogInfo_12,49999,int64,0.0113202264045,0.377991494799,0.0,0.0,0.0,0.0,27.0,0.0,1.0,5.0,2.0,3.0,49917.0,18.0,8.0,7.0,7.0,42.0,0.0
WeblogInfo_14,49999,int64,0.77383547671,4.42366741344,0.0,0.0,0.0,0.0,335.0,0.0,1.0,2.0,3.0,4.0,45024.0,939.0,605.0,479.0,417.0,2535.0,0.0
WeblogInfo_15,49999,int64,1.02888057761,2.88232167532,0.0,0.0,0.0,1.0,141.0,0.0,1.0,2.0,3.0,4.0,35160.0,4654.0,4131.0,1730.0,1328.0,2996.0,0.0
WeblogInfo_16,49999,int64,2.62453249065,4.72394534212,0.0,0.0,1.0,3.0,192.0,0.0,2.0,1.0,3.0,4.0,21072.0,6687.0,6374.0,3533.0,3079.0,9254.0,0.0
WeblogInfo_17,49999,int64,5.33578671573,8.19213488534,0.0,1.0,3.0,7.0,356.0,0.0,2.0,1.0,3.0,4.0,11943.0,6461.0,4993.0,4290.0,3908.0,18404.0,0.0
WeblogInfo_18,49999,int64,1.65055301106,3.51429413321,0.0,0.0,0.0,2.0,148.0,0.0,2.0,1.0,3.0,4.0,27865.0,5972.0,5963.0,2723.0,2253.0,5223.0,0.0
WeblogInfo_2,47195,float64,0.13346752834,0.360821484803,0.0,0.0,0.0,0.0,4.0,0.0,1.0,2.0,3.0,4.0,41220.0,5668.0,292.0,13.0,2.0,0.0,2804.0
WeblogInfo_23,49567,float64,0.00718219783324,0.0908876474053,0.0,0.0,0.0,0.0,3.0,0.0,1.0,2.0,3.0,,49238.0,303.0,25.0,1.0,,0.0,432.0
WeblogInfo_24,49567,float64,0.360017753747,1.32513074686,0.0,0.0,0.0,0.0,24.0,0.0,1.0,3.0,2.0,4.0,44024.0,1778.0,1081.0,880.0,543.0,1261.0,432.0
WeblogInfo_25,49567,float64,0.0263885246232,0.17462636486,0.0,0.0,0.0,0.0,4.0,0.0,1.0,2.0,3.0,4.0,48366.0,1105.0,86.0,9.0,1.0,0.0,432.0
WeblogInfo_26,49567,float64,0.0132749611637,0.116892703791,0.0,0.0,0.0,0.0,3.0,0.0,1.0,2.0,3.0,,48922.0,633.0,11.0,1.0,,0.0,432.0
WeblogInfo_27,49567,float64,0.241733411342,0.898531513297,0.0,0.0,0.0,0.0,28.0,0.0,1.0,2.0,3.0,4.0,43561.0,3570.0,1052.0,528.0,322.0,534.0,432.0
WeblogInfo_28,49567,float64,0.0128714669034,0.123319761065,0.0,0.0,0.0,0.0,4.0,0.0,1.0,2.0,3.0,4.0,48982.0,540.0,38.0,6.0,1.0,0.0,432.0
WeblogInfo_29,49567,float64,0.0248350717211,0.173870541821,0.0,0.0,0.0,0.0,5.0,0.0,1.0,2.0,3.0,5.0,48457.0,1010.0,84.0,13.0,2.0,1.0,432.0
WeblogInfo_3,1624,float64,1.23645320197,7.77752904746,0.0,0.0,0.0,1.0,133.0,0.0,1.0,2.0,3.0,4.0,913.0,602.0,38.0,22.0,8.0,41.0,48375.0
WeblogInfo_30,49567,float64,0.141364214094,0.474131297497,0.0,0.0,0.0,0.0,16.0,0.0,1.0,2.0,3.0,4.0,44021.0,4667.0,559.0,171.0,86.0,63.0,432.0
WeblogInfo_31,49567,float64,0.00338935178647,0.0839631114085,0.0,0.0,0.0,0.0,4.0,0.0,2.0,1.0,4.0,3.0,49475.0,58.0,27.0,4.0,3.0,0.0,432.0
WeblogInfo_32,49567,float64,0.0061734621825,0.0838044128341,0.0,0.0,0.0,0.0,3.0,0.0,1.0,2.0,3.0,,49282.0,265.0,19.0,1.0,,0.0,432.0
WeblogInfo_33,49567,float64,0.306938083806,1.17290494415,0.0,0.0,0.0,0.0,21.0,0.0,1.0,3.0,2.0,4.0,44569.0,1646.0,1042.0,809.0,490.0,1011.0,432.0
WeblogInfo_34,49567,float64,0.0206589061271,0.152772682102,0.0,0.0,0.0,0.0,4.0,0.0,1.0,2.0,3.0,4.0,48612.0,893.0,56.0,5.0,1.0,0.0,432.0
WeblogInfo_35,49567,float64,0.0106522484718,0.104606372159,0.0,0.0,0.0,0.0,2.0,0.0,1.0,2.0,,,49049.0,508.0,10.0,,,0.0,432.0
WeblogInfo_36,49567,float64,0.19567454153,0.77466897757,0.0,0.0,0.0,0.0,28.0,0.0,1.0,2.0,3.0,4.0,44436.0,3156.0,900.0,421.0,263.0,391.0,432.0
WeblogInfo_37,49567,float64,0.0104908507676,0.11043895624,0.0,0.0,0.0,0.0,4.0,0.0,1.0,2.0,3.0,4.0,49085.0,450.0,27.0,4.0,1.0,0.0,432.0
WeblogInfo_38,49567,float64,0.0197712187544,0.150897742961,0.0,0.0,0.0,0.0,3.0,0.0,1.0,2.0,3.0,,48660.0,845.0,51.0,11.0,,0.0,432.0
WeblogInfo_39,49567,float64,0.107047027256,0.418184303239,0.0,0.0,0.0,0.0,16.0,0.0,1.0,2.0,3.0,4.0,45345.0,3584.0,395.0,135.0,57.0,51.0,432.0
WeblogInfo_4,47204,float64,3.04800440641,3.75918318425,1.0,1.0,2.0,3.0,165.0,1.0,2.0,3.0,4.0,5.0,16468.0,12374.0,6850.0,3797.0,2242.0,5473.0,2795.0
WeblogInfo_40,49567,float64,0.00211834486654,0.0664369160459,0.0,0.0,0.0,0.0,4.0,0.0,2.0,1.0,4.0,,49510.0,39.0,15.0,3.0,,0.0,432.0
WeblogInfo_42,49567,float64,0.0515867411786,0.442813574745,0.0,0.0,0.0,0.0,12.0,0.0,1.0,3.0,2.0,4.0,48621.0,311.0,247.0,158.0,105.0,125.0,432.0
WeblogInfo_43,49567,float64,0.001371880485,0.0396456462835,0.0,0.0,0.0,0.0,3.0,0.0,1.0,2.0,3.0,,49503.0,61.0,2.0,1.0,,0.0,432.0
WeblogInfo_45,49567,float64,0.0119636048177,0.158289589691,0.0,0.0,0.0,0.0,7.0,0.0,1.0,2.0,3.0,4.0,49169.0,281.0,72.0,27.0,8.0,10.0,432.0
WeblogInfo_47,49567,float64,0.00153327818912,0.040644911785,0.0,0.0,0.0,0.0,2.0,0.0,1.0,2.0,,,49494.0,70.0,3.0,,,0.0,432.0
WeblogInfo_48,49567,float64,0.0217079912038,0.224792030723,0.0,0.0,0.0,0.0,12.0,0.0,1.0,2.0,3.0,4.0,48888.0,456.0,125.0,55.0,28.0,15.0,432.0
WeblogInfo_5,47204,float64,1.83446318109,1.77850278682,1.0,1.0,1.0,2.0,122.0,1.0,2.0,3.0,4.0,5.0,26667.0,12377.0,4396.0,1750.0,782.0,1232.0,2795.0
WeblogInfo_50,49999,int64,0.012520250405,0.144097456702,0.0,0.0,0.0,0.0,6.0,0.0,1.0,2.0,3.0,4.0,49526.0,357.0,93.0,14.0,5.0,4.0,0.0
WeblogInfo_51,49999,int64,0.00960019200384,0.122100100304,0.0,0.0,0.0,0.0,5.0,0.0,1.0,2.0,3.0,4.0,49621.0,300.0,61.0,12.0,3.0,2.0,0.0
WeblogInfo_52,49999,int64,0.00178003560071,0.054193625221,0.0,0.0,0.0,0.0,4.0,0.0,1.0,2.0,3.0,4.0,49932.0,51.0,11.0,4.0,1.0,0.0,0.0
WeblogInfo_53,49999,int64,0.00636012720254,0.108811870639,0.0,0.0,0.0,0.0,11.0,0.0,1.0,2.0,3.0,4.0,49748.0,210.0,29.0,7.0,3.0,2.0,0.0
WeblogInfo_54,49999,int64,0.0055001100022,0.102714027289,0.0,0.0,0.0,0.0,11.0,0.0,1.0,2.0,3.0,4.0,49782.0,183.0,24.0,5.0,3.0,2.0,0.0
WeblogInfo_56,49999,int64,0.0188803776076,0.180124502121,0.0,0.0,0.0,0.0,11.0,0.0,1.0,2.0,3.0,4.0,49275.0,567.0,122.0,21.0,8.0,6.0,0.0
WeblogInfo_57,49999,int64,0.015100302006,0.159226252734,0.0,0.0,0.0,0.0,11.0,0.0,1.0,2.0,3.0,4.0,49404.0,483.0,85.0,17.0,6.0,4.0,0.0
WeblogInfo_58,49999,int64,0.00256005120102,0.0644485253006,0.0,0.0,0.0,0.0,4.0,0.0,1.0,2.0,3.0,4.0,49902.0,74.0,16.0,6.0,1.0,0.0,0.0
WeblogInfo_6,47204,float64,2.96720616897,3.71729176401,1.0,1.0,2.0,3.0,165.0,1.0,2.0,3.0,4.0,5.0,18214.0,11585.0,6287.0,3605.0,2148.0,5365.0,2795.0
WeblogInfo_7,49999,int64,10.6397527951,16.0009657766,0.0,2.0,6.0,13.0,722.0,0.0,2.0,3.0,4.0,1.0,5256.0,5196.0,3934.0,3501.0,3185.0,28927.0,0.0
WeblogInfo_8,49999,int64,0.660533210664,2.64267742138,0.0,0.0,0.0,0.0,81.0,0.0,2.0,1.0,3.0,4.0,43685.0,1166.0,1107.0,888.0,650.0,2503.0,0.0
WeblogInfo_9,49999,int64,0.117782355647,1.5922842111,0.0,0.0,0.0,0.0,201.0,0.0,1.0,2.0,3.0,4.0,49060.0,287.0,120.0,79.0,63.0,390.0,0.0
target,30000,float64,0.0732666666667,0.260578060447,0.0,0.0,0.0,0.0,1.0,0.0,1.0,,,,27802.0,2198.0,,,,0.0,19999.0
Log_FirstTime,49999,float64,-39.7508350167,124.07550696,-1387.0,-15.0,-9.0,-5.0,0.0,-5.0,-6.0,-4.0,-7.0,-8.0,3891.0,3744.0,3713.0,3577.0,3216.0,31858.0,0.0
Log_Count,49999,float64,19.3290065801,29.0456658189,0.0,9.0,13.0,22.0,1957.0,7.0,8.0,9.0,10.0,11.0,4216.0,4117.0,3423.0,3092.0,2742.0,32409.0,0.0
Log_DayFreq,49999,float64,0.422413150019,0.304453964684,0.0,0.166666666667,0.375,0.666666666667,1.0,1.0,0.5,0.333333333333,0.666666666667,0.25,4583.0,2933.0,2202.0,1834.0,1760.0,36687.0,0.0
Log_Cats,49999,int64,7.91397827957,2.2866634131,0.0,7.0,8.0,9.0,23.0,8.0,7.0,9.0,10.0,11.0,15793.0,13737.0,7556.0,3839.0,2073.0,7001.0,0.0
"Log_(-4, 6)",49999,float64,9.46382927659,15.4942069666,0.0,2.0,5.0,12.0,851.0,1.0,0.0,2.0,3.0,4.0,5824.0,5033.0,4881.0,3933.0,3426.0,26902.0,0.0
"Log_(1, 0)",49999,float64,0.805696113922,0.395667811498,0.0,1.0,1.0,1.0,1.0,1.0,0.0,,,,40284.0,9715.0,,,,0.0,0.0
"Log_(1, 2)",49999,float64,1.07876157523,0.731203203398,0.0,1.0,1.0,1.0,10.0,1.0,0.0,2.0,3.0,4.0,33835.0,7490.0,6769.0,1345.0,369.0,191.0,0.0
"Log_(1, 4)",49999,float64,0.0684813696274,0.290092678223,0.0,0.0,0.0,0.0,8.0,0.0,1.0,2.0,3.0,4.0,46934.0,2802.0,199.0,44.0,14.0,6.0,0.0
"Log_(2, 1)",49999,float64,0.932778655573,0.250567141867,0.0,1.0,1.0,1.0,2.0,1.0,0.0,2.0,,,46634.0,3363.0,2.0,,,0.0,0.0
"Log_(2, 7)",49999,float64,0.0233604672093,0.194360002363,0.0,0.0,0.0,0.0,13.0,0.0,1.0,2.0,3.0,4.0,49036.0,821.0,112.0,18.0,5.0,7.0,0.0
"Log_(4, 1)",49999,float64,0.942898857977,0.327114360649,0.0,1.0,1.0,1.0,36.0,1.0,0.0,2.0,5.0,4.0,46603.0,3218.0,124.0,14.0,14.0,26.0,0.0
"Log_(4, 7)",49999,float64,0.388327766555,1.25975713581,0.0,0.0,0.0,0.0,123.0,0.0,1.0,2.0,3.0,4.0,37954.0,8635.0,2142.0,626.0,241.0,401.0,0.0
"Log_(-10, 13)",49999,float64,0.147302946059,0.504551740602,0.0,0.0,0.0,0.0,36.0,0.0,1.0,2.0,3.0,4.0,43846.0,5515.0,401.0,116.0,54.0,67.0,0.0
"Log_(3, 1)",49999,float64,0.147322946459,0.449248769065,0.0,0.0,0.0,0.0,21.0,0.0,1.0,2.0,3.0,4.0,43569.0,5855.0,402.0,99.0,39.0,35.0,0.0
"Log_(2, 21)",49999,float64,0.631772635453,8.63100985361,0.0,0.0,0.0,1.0,1924.0,0.0,1.0,2.0,3.0,4.0,26551.0,17418.0,5878.0,134.0,11.0,7.0,0.0
"Log_(99, 6)",49999,float64,0.686833736675,2.86028951388,0.0,0.0,0.0,0.0,162.0,0.0,2.0,1.0,3.0,4.0,43660.0,1157.0,1052.0,897.0,661.0,2572.0,0.0
"Log_(1, 6)",49999,float64,0.0302606052121,0.574279989192,0.0,0.0,0.0,0.0,55.0,0.0,1.0,2.0,3.0,4.0,49078.0,846.0,23.0,8.0,7.0,37.0,0.0
"Log_(1, 20)",49999,float64,0.936158723174,0.40710072725,0.0,1.0,1.0,1.0,34.0,1.0,0.0,2.0,3.0,4.0,44553.0,4512.0,753.0,106.0,38.0,37.0,0.0
"Log_(2, 3)",49999,float64,0.364527290546,8.2294368858,0.0,0.0,0.0,0.0,1130.0,0.0,1.0,2.0,3.0,4.0,49098.0,279.0,109.0,60.0,35.0,418.0,0.0
"Log_(2, 11)",49999,float64,0.00616012320246,0.165297146276,0.0,0.0,0.0,0.0,17.0,0.0,1.0,2.0,3.0,4.0,49852.0,86.0,29.0,12.0,9.0,11.0,0.0
"Log_(10, 0)",49999,float64,0.029920598412,0.17036999951,0.0,0.0,0.0,0.0,1.0,0.0,1.0,,,,48503.0,1496.0,,,,0.0,0.0
"Log_(100, 6)",49999,float64,0.191683833677,3.96450334017,0.0,0.0,0.0,0.0,355.0,0.0,1.0,2.0,3.0,4.0,48921.0,323.0,141.0,87.0,68.0,459.0,0.0
"Log_(10, 20)",49999,float64,0.0321006420128,0.195015616388,0.0,0.0,0.0,0.0,5.0,0.0,1.0,2.0,3.0,4.0,48534.0,1350.0,97.0,13.0,3.0,2.0,0.0
"Log_(107, 6)",49999,float64,1.01842036841,7.27719169719,0.0,0.0,0.0,0.0,824.0,0.0,1.0,2.0,3.0,4.0,44228.0,1071.0,700.0,528.0,465.0,3007.0,0.0
"Log_(1, 21)",49999,float64,0.00708014160283,0.135316684195,0.0,0.0,0.0,0.0,7.0,0.0,1.0,2.0,3.0,4.0,49821.0,71.0,64.0,25.0,12.0,6.0,0.0
"Log_(4, 19)",49999,float64,0.0521810436209,2.72439976643,0.0,0.0,0.0,0.0,481.0,0.0,1.0,2.0,3.0,4.0,49643.0,171.0,50.0,38.0,20.0,77.0,0.0
"Log_(4, 0)",49999,float64,0.00442008840177,0.066337314046,0.0,0.0,0.0,0.0,1.0,0.0,1.0,,,,49778.0,221.0,,,,0.0,0.0
"Log_(102, 6)",49999,float64,0.00740014800296,0.406142631323,0.0,0.0,0.0,0.0,69.0,0.0,1.0,2.0,3.0,11.0,49926.0,37.0,10.0,4.0,3.0,19.0,0.0
"Log_(12, 0)",49999,float64,0.0981819636393,0.297563500066,0.0,0.0,0.0,0.0,1.0,0.0,1.0,,,,45090.0,4909.0,,,,0.0,0.0
"Log_(4, 6)",49999,float64,0.131582631653,4.13514574526,0.0,0.0,0.0,0.0,614.0,0.0,1.0,2.0,3.0,4.0,49092.0,418.0,140.0,70.0,58.0,221.0,0.0
"Log_(2, 0)",49999,float64,0.00144002880058,0.0379207578759,0.0,0.0,0.0,0.0,1.0,0.0,1.0,,,,49927.0,72.0,,,,0.0,0.0
"Log_(2, 2)",49999,float64,0.0060001200024,0.113333636051,0.0,0.0,0.0,0.0,7.0,0.0,1.0,2.0,3.0,4.0,49807.0,124.0,44.0,13.0,8.0,3.0,0.0
"Log_(2, 6)",49999,float64,0.00344006880138,0.194601338512,0.0,0.0,0.0,0.0,28.0,0.0,1.0,3.0,2.0,5.0,49933.0,44.0,7.0,7.0,3.0,5.0,0.0
"Log_(2, 20)",49999,float64,0.00346006920138,0.0590607118758,0.0,0.0,0.0,0.0,2.0,0.0,1.0,2.0,,,49827.0,171.0,1.0,,,0.0,0.0
"Log_(2, 10)",49999,float64,0.0195603912078,0.398777832506,0.0,0.0,0.0,0.0,49.0,0.0,1.0,2.0,3.0,4.0,49524.0,336.0,62.0,23.0,16.0,38.0,0.0
"Log_(103, 6)",49999,float64,0.0157403148063,0.499381840613,0.0,0.0,0.0,0.0,50.0,0.0,1.0,3.0,2.0,5.0,49889.0,29.0,10.0,9.0,9.0,53.0,0.0
"Log_(9, 0)",49999,float64,0.00104002080042,0.0322329014636,0.0,0.0,0.0,0.0,1.0,0.0,1.0,,,,49947.0,52.0,,,,0.0,0.0
"Log_(5, 0)",49999,float64,0.00184003680074,0.042856595756,0.0,0.0,0.0,0.0,1.0,0.0,1.0,,,,49907.0,92.0,,,,0.0,0.0
"Log_(2000, 6)",49999,float64,0.00790015800316,0.130223911331,0.0,0.0,0.0,0.0,9.0,0.0,1.0,2.0,3.0,5.0,49733.0,183.0,60.0,14.0,3.0,6.0,0.0
"Log_(300, 20)",49999,float64,0.0345806916138,0.187151277602,0.0,0.0,0.0,0.0,4.0,0.0,1.0,2.0,3.0,4.0,48303.0,1670.0,20.0,5.0,1.0,0.0,0.0
"Log_(303, 20)",49999,float64,0.00452009040181,0.0670801698071,0.0,0.0,0.0,0.0,1.0,0.0,1.0,,,,49773.0,226.0,,,,0.0,0.0
"Log_(307, 20)",49999,float64,0.0247804956099,0.155585692128,0.0,0.0,0.0,0.0,2.0,0.0,1.0,2.0,,,48761.0,1237.0,1.0,,,0.0,0.0
"Log_(302, 20)",49999,float64,0.00766015320306,0.0874164108827,0.0,0.0,0.0,0.0,2.0,0.0,1.0,2.0,,,49617.0,381.0,1.0,,,0.0,0.0
"Log_(1000, 23)",49999,float64,0.00666013320266,0.254279825865,0.0,0.0,0.0,0.0,20.0,0.0,1.0,2.0,4.0,6.0,49928.0,26.0,10.0,9.0,3.0,23.0,0.0
"Log_(304, 20)",49999,float64,0.00308006160123,0.0554133218253,0.0,0.0,0.0,0.0,1.0,0.0,1.0,,,,49845.0,154.0,,,,0.0,0.0
Userupdate_FirstTime,49999,float64,-27.7037140743,70.9492867368,-777.0,-14.0,-8.0,-5.0,0.0,-5.0,-6.0,-4.0,-7.0,-8.0,4205.0,4069.0,4022.0,3823.0,3403.0,30477.0,0.0
Userupdate_Count,49999,float64,12.426148523,5.31328055973,0.0,11.0,12.0,14.0,92.0,12.0,13.0,2.0,14.0,9.0,18721.0,5476.0,3712.0,3387.0,3351.0,15352.0,0.0
Userupdate_DayFreq,49999,float64,0.157819734296,0.129874392203,0.0,0.0769230769231,0.125,0.2,1.0,0.166666666667,0.2,0.25,0.142857142857,0.125,3712.0,3660.0,3406.0,3358.0,3101.0,32762.0,0.0
Userupdate_Cats,49999,int64,11.2732454649,3.36523868432,0.0,11.0,12.0,13.0,31.0,12.0,13.0,9.0,11.0,2.0,19305.0,8396.0,4940.0,3862.0,3770.0,9726.0,0.0
Userupdate__educationid,49999,float64,0.940138802776,0.401202127686,0.0,1.0,1.0,1.0,9.0,1.0,0.0,2.0,3.0,4.0,43374.0,4998.0,1383.0,171.0,38.0,35.0,0.0
Userupdate__hasbuycar,49999,float64,0.937598751975,0.376074220595,0.0,1.0,1.0,1.0,8.0,1.0,0.0,2.0,3.0,4.0,44074.0,4679.0,1049.0,133.0,34.0,30.0,0.0
Userupdate__idnumber,49999,float64,0.240364807296,0.462508888019,0.0,0.0,0.0,0.0,15.0,0.0,1.0,2.0,3.0,4.0,38391.0,11358.0,173.0,42.0,14.0,21.0,0.0
Userupdate__lastupdatedate,49999,float64,0.779935598712,1.73762867207,0.0,0.0,0.0,1.0,51.0,0.0,1.0,2.0,3.0,4.0,32757.0,8693.0,4076.0,1773.0,1045.0,1655.0,0.0
Userupdate__marriagestatusid,49999,float64,0.929838596772,0.378421992064,0.0,1.0,1.0,1.0,8.0,1.0,0.0,2.0,3.0,4.0,43927.0,4945.0,934.0,128.0,35.0,30.0,0.0
Userupdate__mobilephone,49999,float64,0.9988199764,0.650473313975,0.0,1.0,1.0,1.0,17.0,1.0,0.0,2.0,3.0,4.0,36255.0,7741.0,4961.0,686.0,195.0,161.0,0.0
Userupdate__qq,49999,float64,0.902918058361,0.394133858944,0.0,1.0,1.0,1.0,8.0,1.0,0.0,2.0,3.0,4.0,42929.0,6096.0,810.0,108.0,28.0,28.0,0.0
Userupdate__realname,49999,float64,0.347366947339,0.64982729105,0.0,0.0,0.0,1.0,15.0,0.0,1.0,2.0,3.0,4.0,35724.0,12223.0,1408.0,427.0,120.0,97.0,0.0
Userupdate__residencephone,49999,float64,0.951919038381,0.390095314429,0.0,1.0,1.0,1.0,8.0,1.0,0.0,2.0,3.0,4.0,43833.0,4472.0,1446.0,178.0,39.0,31.0,0.0
Userupdate__residencetypeid,49999,float64,0.945498909978,0.385610734315,0.0,1.0,1.0,1.0,8.0,1.0,0.0,2.0,3.0,4.0,43875.0,4597.0,1304.0,156.0,35.0,32.0,0.0
Userupdate__residenceyears,49999,float64,0.947298945979,0.367760879344,0.0,1.0,1.0,1.0,8.0,1.0,0.0,2.0,3.0,4.0,44380.0,4275.0,1161.0,121.0,33.0,29.0,0.0
Userupdate__phone,49999,float64,0.12502250045,0.491120489256,0.0,0.0,0.0,0.0,10.0,0.0,1.0,2.0,3.0,4.0,45907.0,2604.0,1090.0,232.0,106.0,60.0,0.0
Userupdate__relationshipid,49999,float64,0.0716014320286,0.330390229539,0.0,0.0,0.0,0.0,5.0,0.0,1.0,2.0,3.0,4.0,47267.0,2061.0,530.0,111.0,24.0,6.0,0.0
Userupdate__age,49999,float64,0.0329206584132,0.181982352518,0.0,0.0,0.0,0.0,3.0,0.0,1.0,2.0,3.0,,48384.0,1585.0,29.0,1.0,,0.0,0.0
Userupdate__gender,49999,float64,0.0220004400088,0.147230626549,0.0,0.0,0.0,0.0,3.0,0.0,1.0,3.0,2.0,,48902.0,1095.0,1.0,1.0,,0.0,0.0
Userupdate__regstepid,49999,float64,0.0342206844137,0.247328556855,0.0,0.0,0.0,0.0,3.0,0.0,2.0,1.0,3.0,,48988.0,694.0,314.0,3.0,,0.0,0.0
Userupdate__byuserid,49999,float64,0.0127602552051,0.140705263094,0.0,0.0,0.0,0.0,13.0,0.0,1.0,2.0,3.0,4.0,49451.0,484.0,54.0,5.0,3.0,2.0,0.0
Userupdate__flag_uctobcp,49999,float64,0.0279805596112,0.240248647694,0.0,0.0,0.0,0.0,4.0,0.0,2.0,1.0,4.0,,49306.0,649.0,25.0,19.0,,0.0,0.0
Userupdate__flag_uctopvr,49999,float64,0.0238404768095,0.223144873968,0.0,0.0,0.0,0.0,4.0,0.0,2.0,4.0,1.0,,49413.0,549.0,19.0,18.0,,0.0,0.0
Userupdate__companyaddress,49999,float64,0.0305606112122,0.191174081984,0.0,0.0,0.0,0.0,4.0,0.0,1.0,2.0,3.0,4.0,48617.0,1260.0,101.0,18.0,3.0,0.0,0.0
Userupdate__department,49999,float64,0.0191003820076,0.149586355483,0.0,0.0,0.0,0.0,4.0,0.0,1.0,2.0,3.0,4.0,49130.0,787.0,79.0,2.0,1.0,0.0,0.0
Userupdate__turnover,49999,float64,0.0442808856177,0.39634016426,0.0,0.0,0.0,0.0,28.0,0.0,1.0,2.0,3.0,4.0,48795.0,724.0,260.0,127.0,33.0,60.0,0.0
Userupdate__companyphone,49999,float64,0.0430408608172,0.230888834153,0.0,0.0,0.0,0.0,5.0,0.0,1.0,2.0,3.0,4.0,48095.0,1702.0,164.0,31.0,6.0,1.0,0.0
Userupdate__companytypeid,49999,float64,0.012400248005,0.122011607636,0.0,0.0,0.0,0.0,4.0,0.0,1.0,2.0,4.0,3.0,49438.0,507.0,51.0,2.0,1.0,0.0,0.0
Userupdate__residenceaddress,49999,float64,0.891757835157,0.411935256689,0.0,1.0,1.0,1.0,8.0,1.0,0.0,2.0,3.0,4.0,42107.0,6785.0,950.0,98.0,30.0,29.0,0.0
Userupdate__companyname,49999,float64,0.0347406948139,0.204192987277,0.0,0.0,0.0,0.0,6.0,0.0,1.0,2.0,3.0,4.0,48433.0,1416.0,137.0,8.0,3.0,2.0,0.0
Userupdate__iscash,49999,float64,0.019980399608,0.149738734078,0.0,0.0,0.0,0.0,4.0,0.0,1.0,2.0,3.0,4.0,49064.0,877.0,53.0,4.0,1.0,0.0,0.0
Userupdate__workyears,49999,float64,0.0169603392068,0.13796055223,0.0,0.0,0.0,0.0,3.0,0.0,1.0,2.0,3.0,,49205.0,745.0,44.0,5.0,,0.0,0.0
Userupdate__incomefrom,49999,float64,0.0072401448029,0.0995388249415,0.0,0.0,0.0,0.0,7.0,0.0,1.0,2.0,3.0,4.0,49681.0,286.0,26.0,3.0,2.0,1.0,0.0
Userupdate__companysizeid,49999,float64,0.00328006560131,0.0602443902806,0.0,0.0,0.0,0.0,2.0,0.0,1.0,2.0,,,49844.0,146.0,9.0,,,0.0,0.0
Userupdate__webshopurl,49999,float64,0.00128002560051,0.0404774888588,0.0,0.0,0.0,0.0,3.0,0.0,1.0,2.0,3.0,,49943.0,49.0,6.0,1.0,,0.0,0.0
Userupdate__creationdate,49999,float64,0.0015000300006,0.047516736721,0.0,0.0,0.0,0.0,2.0,0.0,1.0,2.0,,,49943.0,37.0,19.0,,,0.0,0.0
Userupdate__bussinessaddress,49999,float64,0.0104402088042,0.107198245688,0.0,0.0,0.0,0.0,2.0,0.0,1.0,2.0,,,49506.0,464.0,29.0,,,0.0,0.0
Userupdate__hasbusinesslicense,49999,float64,0.00794015880318,0.0916367340685,0.0,0.0,0.0,0.0,2.0,0.0,1.0,2.0,,,49615.0,371.0,13.0,,,0.0,0.0
Userupdate__districtid,49999,float64,0.672333446669,0.547383560482,0.0,0.0,1.0,1.0,6.0,1.0,0.0,2.0,3.0,4.0,30202.0,18163.0,1529.0,77.0,18.0,10.0,0.0
Userupdate__provinceid,49999,float64,0.659533190664,0.52717718722,0.0,0.0,1.0,1.0,6.0,1.0,0.0,2.0,3.0,4.0,30694.0,18213.0,1027.0,43.0,13.0,9.0,0.0
Userupdate__hassborgjj,49999,float64,0.00322006440129,0.0570066784077,0.0,0.0,0.0,0.0,2.0,0.0,1.0,2.0,,,49839.0,159.0,1.0,,,0.0,0.0
Userupdate__position,49999,float64,0.00582011640233,0.0771126758525,0.0,0.0,0.0,0.0,2.0,0.0,1.0,2.0,,,49712.0,283.0,4.0,,,0.0,0.0
ListingInfo_Day,49999,int64,534.291245825,98.0356136148,0.0,469.0,552.0,613.0,698.0,606.0,641.0,627.0,637.0,651.0,714.0,627.0,603.0,549.0,513.0,46993.0,0.0
ListingInfo_DayofMonth,49999,int64,16.8614172283,8.43363624117,1.0,9.0,17.0,24.0,31.0,9.0,10.0,14.0,30.0,27.0,2823.0,2149.0,2091.0,2050.0,1959.0,38927.0,0.0
ListingInfo_DayofWeek,49999,int64,2.61939238785,1.84784126037,0.0,1.0,2.0,4.0,6.0,1.0,4.0,2.0,0.0,3.0,9258.0,8957.0,8277.0,7597.0,7133.0,8777.0,0.0
ListingInfo_DayofYear,49999,int64,200.892257845,86.3816605739,2.0,136.0,211.0,273.0,365.0,252.0,287.0,273.0,283.0,297.0,714.0,627.0,603.0,549.0,513.0,46993.0,0.0
ListingInfo_Year,49999,int64,2013.94355887,0.230773900069,2013.0,2014.0,2014.0,2014.0,2014.0,2014.0,2013.0,,,,47177.0,2822.0,,,,0.0,0.0
UserInfo_20_Longitude,49608,float64,114.329145299,6.24952902495,75.98,111.2,114.87,118.67,131.15,104.07,108.37,117.25,115.85,120.15,1293.0,1129.0,1126.0,1085.0,1074.0,43901.0,391.0
UserInfo_20_Latitude,49608,float64,31.6705430576,6.02468632642,18.25,26.9,30.75,36.07,50.42,30.67,28.68,22.82,31.83,37.87,1350.0,1332.0,1129.0,1126.0,1005.0,43666.0,391.0
UserInfo_20_LongpLat,49608,float64,145.999688357,9.91360873342,115.45,138.8,145.38,151.88,177.78,134.74,131.19,149.08,144.53,150.42,1307.0,1129.0,1126.0,1085.0,1005.0,43956.0,391.0
UserInfo_20_LongmLat,49608,float64,82.6586022416,7.24066838154,36.23,77.98,83.3,87.47,93.79,73.4,85.55,85.42,87.17,74.68,1394.0,1129.0,1126.0,1085.0,1005.0,43869.0,391.0
UserInfo_20_CityRank,49999,float64,4.13524270485,1.53763596133,1.0,3.0,4.0,6.0,6.0,6.0,4.0,3.0,2.0,1.5,17103.0,13620.0,10569.0,3307.0,2035.0,3365.0,0.0
UserInfo_CityRank_median,49999,float64,3.17419348387,1.42086698588,1.0,2.0,3.0,4.0,6.0,4.0,3.0,2.0,6.0,1.0,12983.0,12154.0,7154.0,5648.0,4582.0,7478.0,0.0
UserInfo_Latitude_median,49518,float64,31.1514880448,6.14623179831,20.03,25.83,30.67,35.73,50.42,22.55,23.13,23.05,39.9,29.57,1319.0,1266.0,1001.0,999.0,950.0,43983.0,481.0
UserInfo_Longitude_median,49518,float64,114.622206773,6.16001566204,75.98,112.03,114.88,118.92,131.15,114.05,113.27,116.4,120.15,118.67,1401.0,1273.0,1026.0,963.0,859.0,43996.0,481.0
UserInfo_LongmLat_median,49518,float64,83.4713714205,7.71367213377,36.23,78.28,84.31,90.14,93.79,91.5,90.14,76.5,76.98,73.4,1337.0,1289.0,1002.0,858.0,840.0,44192.0,481.0
UserInfo_LongpLat_median,49518,float64,145.769371946,9.59198936687,115.45,136.8,145.98,151.88,177.78,136.6,136.4,156.3,136.12,136.8,1402.0,1238.0,1003.0,859.0,832.0,44184.0,481.0
UserInfo_CityRank_std,49999,float64,0.565991379959,0.847967526911,0.0,0.0,0.0,1.15470053838,2.88675134595,0.0,1.15470053838,1.73205080757,0.57735026919,1.15470053838,30653.0,3263.0,2811.0,2004.0,1294.0,9974.0,0.0
UserInfo_Latitude_std,48965,float64,0.657912309967,1.69137048811,0.0,0.0,0.0,0.323316150746,17.4475251349,0.0,0.288675134595,0.230940107676,0.271354626519,0.0461880215352,33215.0,164.0,108.0,93.0,91.0,15294.0,1034.0
UserInfo_Longitude_std,48965,float64,0.733630124299,1.94626802836,0.0,0.0,0.0,0.381051177665,31.8198051534,0.0,0.450333209968,0.288675134595,0.340636658822,0.109696551146,33272.0,112.0,94.0,77.0,76.0,15334.0,1034.0
UserInfo_LongmLat_std,48965,float64,0.922145299785,2.43063688269,0.0,0.0,0.0,0.490747728811,37.2928116398,0.0,0.323316150746,0.2136195996,0.219393102292,0.271354626519,33201.0,81.0,73.0,70.0,70.0,15470.0,1034.0
UserInfo_LongpLat_std,48965,float64,1.04753142651,2.71732229482,0.0,0.0,0.0,0.536935750346,35.25634411,0.0,0.115470053838,0.571576766498,0.467653718044,0.248260615752,33188.0,137.0,75.0,69.0,68.0,15428.0,1034.0
UserInfo_3_5.0,49999,float64,0.460469209384,0.498439851475,0.0,0.0,0.0,1.0,1.0,0.0,1.0,,,,26976.0,23023.0,,,,0.0,0.0
UserInfo_3_6.0,49999,float64,0.20064401288,0.400486205535,0.0,0.0,0.0,0.0,1.0,0.0,1.0,,,,39967.0,10032.0,,,,0.0,0.0
UserInfo_3_4.0,49999,float64,0.138602772055,0.345534993265,0.0,0.0,0.0,0.0,1.0,0.0,1.0,,,,43069.0,6930.0,,,,0.0,0.0
UserInfo_3_3.0,49999,float64,0.102062041241,0.302732908617,0.0,0.0,0.0,0.0,1.0,0.0,1.0,,,,44896.0,5103.0,,,,0.0,0.0
UserInfo_3_1.0,49999,float64,0.0561811236225,0.230273458109,0.0,0.0,0.0,0.0,1.0,0.0,1.0,,,,47190.0,2809.0,,,,0.0,0.0
UserInfo_3_7.0,49999,float64,0.0372807456149,0.189450810154,0.0,0.0,0.0,0.0,1.0,0.0,1.0,,,,48135.0,1864.0,,,,0.0,0.0
UserInfo_3_2.0,49999,float64,0.00448008960179,0.0667840370365,0.0,0.0,0.0,0.0,1.0,0.0,1.0,,,,49775.0,224.0,,,,0.0,0.0
UserInfo_1_1.0,49999,float64,0.335646712934,0.472220771429,0.0,0.0,0.0,1.0,1.0,0.0,1.0,,,,33217.0,16782.0,,,,0.0,0.0
UserInfo_1_3.0,49999,float64,0.198283965679,0.398711191352,0.0,0.0,0.0,0.0,1.0,0.0,1.0,,,,40085.0,9914.0,,,,0.0,0.0
UserInfo_1_5.0,49999,float64,0.195783915678,0.396806909236,0.0,0.0,0.0,0.0,1.0,0.0,1.0,,,,40210.0,9789.0,,,,0.0,0.0
UserInfo_1_4.0,49999,float64,0.160683213664,0.367242176092,0.0,0.0,0.0,0.0,1.0,0.0,1.0,,,,41965.0,8034.0,,,,0.0,0.0
UserInfo_1_6.0,49999,float64,0.0820616412328,0.274461354077,0.0,0.0,0.0,0.0,1.0,0.0,1.0,,,,45896.0,4103.0,,,,0.0,0.0
UserInfo_1_7.0,49999,float64,0.0237204744095,0.152178436968,0.0,0.0,0.0,0.0,1.0,0.0,1.0,,,,48813.0,1186.0,,,,0.0,0.0
UserInfo_1_2.0,49999,float64,0.00358007160143,0.0597270963358,0.0,0.0,0.0,0.0,1.0,0.0,1.0,,,,49820.0,179.0,,,,0.0,0.0
UserInfo_6_2,49999,float64,0.539390787816,0.4984509354,0.0,0.0,1.0,1.0,1.0,1.0,0.0,,,,26969.0,23030.0,,,,0.0,0.0
UserInfo_6_1,49999,float64,0.405088101762,0.490913996134,0.0,0.0,0.0,1.0,1.0,0.0,1.0,,,,29745.0,20254.0,,,,0.0,0.0
UserInfo_6_3,49999,float64,0.0555211104222,0.228996867952,0.0,0.0,0.0,0.0,1.0,0.0,1.0,,,,47223.0,2776.0,,,,0.0,0.0
UserInfo_5_2,49999,float64,0.537870757415,0.49856872871,0.0,0.0,1.0,1.0,1.0,1.0,0.0,,,,26893.0,23106.0,,,,0.0,0.0
UserInfo_5_1,49999,float64,0.405868117362,0.491064162455,0.0,0.0,0.0,1.0,1.0,0.0,1.0,,,,29706.0,20293.0,,,,0.0,0.0
UserInfo_5_3,49999,float64,0.0562611252225,0.230427587259,0.0,0.0,0.0,0.0,1.0,0.0,1.0,,,,47186.0,2813.0,,,,0.0,0.0
UserInfo_9_中国移动,49999,float64,0.57535150703,0.494294484115,0.0,0.0,1.0,1.0,1.0,1.0,0.0,,,,28767.0,21232.0,,,,0.0,0.0
UserInfo_9_中国联通,49999,float64,0.177043540871,0.381709365363,0.0,0.0,0.0,0.0,1.0,0.0,1.0,,,,41147.0,8852.0,,,,0.0,0.0
UserInfo_9_中国电信,49999,float64,0.107502150043,0.309753703391,0.0,0.0,0.0,0.0,1.0,0.0,1.0,,,,44624.0,5375.0,,,,0.0,0.0
Education_Info2_A,49999,float64,0.0321606432129,0.176428338973,0.0,0.0,0.0,0.0,1.0,0.0,1.0,,,,48391.0,1608.0,,,,0.0,0.0
Education_Info2_AM,49999,float64,0.0228404568091,0.149396173763,0.0,0.0,0.0,0.0,1.0,0.0,1.0,,,,48857.0,1142.0,,,,0.0,0.0
Education_Info2_AQ,49999,float64,0.00346006920138,0.0587210872448,0.0,0.0,0.0,0.0,1.0,0.0,1.0,,,,49826.0,173.0,,,,0.0,0.0
Education_Info2_AN,49999,float64,0.00248004960099,0.0497388021059,0.0,0.0,0.0,0.0,1.0,0.0,1.0,,,,49875.0,124.0,,,,0.0,0.0
Education_Info2_U,49999,float64,0.00144002880058,0.0379207578759,0.0,0.0,0.0,0.0,1.0,0.0,1.0,,,,49927.0,72.0,,,,0.0,0.0
Education_Info3_毕业,49999,float64,0.0604212084242,0.238267961446,0.0,0.0,0.0,0.0,1.0,0.0,1.0,,,,46978.0,3021.0,,,,0.0,0.0
Education_Info3_结业,49999,float64,0.00206004120082,0.0453413558318,0.0,0.0,0.0,0.0,1.0,0.0,1.0,,,,49896.0,103.0,,,,0.0,0.0
Education_Info4_E,49999,float64,0.937518750375,0.242029987117,0.0,1.0,1.0,1.0,1.0,1.0,0.0,,,,46875.0,3124.0,,,,0.0,0.0
Education_Info4_T,49999,float64,0.0464009280186,0.210353908665,0.0,0.0,0.0,0.0,1.0,0.0,1.0,,,,47679.0,2320.0,,,,0.0,0.0
Education_Info4_F,49999,float64,0.00986019720394,0.0988087495232,0.0,0.0,0.0,0.0,1.0,0.0,1.0,,,,49506.0,493.0,,,,0.0,0.0
Education_Info4_AR,49999,float64,0.00252005040101,0.0501373116849,0.0,0.0,0.0,0.0,1.0,0.0,1.0,,,,49873.0,126.0,,,,0.0,0.0
Education_Info4_V,49999,float64,0.00216004320086,0.0464265066908,0.0,0.0,0.0,0.0,1.0,0.0,1.0,,,,49891.0,108.0,,,,0.0,0.0
Education_Info4_AE,49999,float64,0.00154003080062,0.039213388787,0.0,0.0,0.0,0.0,1.0,0.0,1.0,,,,49922.0,77.0,,,,0.0,0.0
Education_Info6_A,49999,float64,0.0187203744075,0.135537040703,0.0,0.0,0.0,0.0,1.0,0.0,1.0,,,,49063.0,936.0,,,,0.0,0.0
Education_Info6_AM,49999,float64,0.0108402168043,0.103551537732,0.0,0.0,0.0,0.0,1.0,0.0,1.0,,,,49457.0,542.0,,,,0.0,0.0
Education_Info6_AQ,49999,float64,0.00182003640073,0.0426234701093,0.0,0.0,0.0,0.0,1.0,0.0,1.0,,,,49908.0,91.0,,,,0.0,0.0
Education_Info8_T,49999,float64,0.0245004900098,0.15459849295,0.0,0.0,0.0,0.0,1.0,0.0,1.0,,,,48774.0,1225.0,,,,0.0,0.0
Education_Info8_F,49999,float64,0.0022600452009,0.0474866559904,0.0,0.0,0.0,0.0,1.0,0.0,1.0,,,,49886.0,113.0,,,,0.0,0.0
Education_Info8_Others,49999,float64,0.00186003720074,0.0430884508354,0.0,0.0,0.0,0.0,1.0,0.0,1.0,,,,49906.0,93.0,,,,0.0,0.0
WeblogInfo_20_I5,49999,float64,0.371507430149,0.48321250964,0.0,0.0,0.0,1.0,1.0,0.0,1.0,,,,31424.0,18575.0,,,,0.0,0.0
WeblogInfo_20_I4,49999,float64,0.0830216604332,0.275917717761,0.0,0.0,0.0,0.0,1.0,0.0,1.0,,,,45848.0,4151.0,,,,0.0,0.0
WeblogInfo_20_C21,49999,float64,0.0815616312326,0.273698428548,0.0,0.0,0.0,0.0,1.0,0.0,1.0,,,,45921.0,4078.0,,,,0.0,0.0
WeblogInfo_20_U,49999,float64,0.0595611912238,0.236674409351,0.0,0.0,0.0,0.0,1.0,0.0,1.0,,,,47021.0,2978.0,,,,0.0,0.0
WeblogInfo_20_I3,49999,float64,0.0555611112222,0.229074493703,0.0,0.0,0.0,0.0,1.0,0.0,1.0,,,,47221.0,2778.0,,,,0.0,0.0
WeblogInfo_20_C19,49999,float64,0.0252405048101,0.156856347704,0.0,0.0,0.0,0.0,1.0,0.0,1.0,,,,48737.0,1262.0,,,,0.0,0.0
WeblogInfo_20_C20,49999,float64,0.0181203624072,0.133388045671,0.0,0.0,0.0,0.0,1.0,0.0,1.0,,,,49093.0,906.0,,,,0.0,0.0
WeblogInfo_20_C1,49999,float64,0.00788015760315,0.0884206824604,0.0,0.0,0.0,0.0,1.0,0.0,1.0,,,,49605.0,394.0,,,,0.0,0.0
WeblogInfo_20_C11,49999,float64,0.00766015320306,0.0871873115284,0.0,0.0,0.0,0.0,1.0,0.0,1.0,,,,49616.0,383.0,,,,0.0,0.0
WeblogInfo_20_F16,49999,float64,0.00462009240185,0.0678147412195,0.0,0.0,0.0,0.0,1.0,0.0,1.0,,,,49768.0,231.0,,,,0.0,0.0
WeblogInfo_20_C15,49999,float64,0.00406008120162,0.0635899191494,0.0,0.0,0.0,0.0,1.0,0.0,1.0,,,,49796.0,203.0,,,,0.0,0.0
WeblogInfo_20_C18,49999,float64,0.00310006200124,0.0555923864241,0.0,0.0,0.0,0.0,1.0,0.0,1.0,,,,49844.0,155.0,,,,0.0,0.0
WeblogInfo_20_C12,49999,float64,0.00186003720074,0.0430884508354,0.0,0.0,0.0,0.0,1.0,0.0,1.0,,,,49906.0,93.0,,,,0.0,0.0
WeblogInfo_20_C17,49999,float64,0.00156003120062,0.0394668044877,0.0,0.0,0.0,0.0,1.0,0.0,1.0,,,,49921.0,78.0,,,,0.0,0.0
WeblogInfo_20_F14,49999,float64,0.00112002240045,0.0334483232244,0.0,0.0,0.0,0.0,1.0,0.0,1.0,,,,49943.0,56.0,,,,0.0,0.0
WeblogInfo_20_F15,49999,float64,0.00106002120042,0.0325410315491,0.0,0.0,0.0,0.0,1.0,0.0,1.0,,,,49946.0,53.0,,,,0.0,0.0
WeblogInfo_20_Others,49999,float64,0.00542010840217,0.073422330704,0.0,0.0,0.0,0.0,1.0,0.0,1.0,,,,49728.0,271.0,,,,0.0,0.0
WeblogInfo_21_D,49999,float64,0.721494429889,0.448268040901,0.0,0.0,1.0,1.0,1.0,1.0,0.0,,,,36074.0,13925.0,,,,0.0,0.0
WeblogInfo_21_A,49999,float64,0.123642472849,0.329176516392,0.0,0.0,0.0,0.0,1.0,0.0,1.0,,,,43817.0,6182.0,,,,0.0,0.0
WeblogInfo_21_C,49999,float64,0.0520610412208,0.222152371721,0.0,0.0,0.0,0.0,1.0,0.0,1.0,,,,47396.0,2603.0,,,,0.0,0.0
WeblogInfo_21_B,49999,float64,0.00168003360067,0.0409541772391,0.0,0.0,0.0,0.0,1.0,0.0,1.0,,,,49915.0,84.0,,,,0.0,0.0
SocialNetwork_12,49999,float64,0.2502650053,0.433169926496,0.0,0.0,0.0,1.0,1.0,0.0,1.0,,,,37486.0,12513.0,,,,0.0,0.0
UserInfo_23_G,49999,float64,0.0203604072081,0.141231228698,0.0,0.0,0.0,0.0,1.0,0.0,1.0,,,,48981.0,1018.0,,,,0.0,0.0
UserInfo_23_AB,49999,float64,0.0111202224044,0.104865547241,0.0,0.0,0.0,0.0,1.0,0.0,1.0,,,,49443.0,556.0,,,,0.0,0.0
UserInfo_23_O,49999,float64,0.00948018960379,0.0969046099145,0.0,0.0,0.0,0.0,1.0,0.0,1.0,,,,49525.0,474.0,,,,0.0,0.0
UserInfo_23_大学本科（简称“大学,49999,float64,0.00564011280226,0.0748893457066,0.0,0.0,0.0,0.0,1.0,0.0,1.0,,,,49717.0,282.0,,,,0.0,0.0
UserInfo_23_M,49999,float64,0.0047400948019,0.068685665604,0.0,0.0,0.0,0.0,1.0,0.0,1.0,,,,49762.0,237.0,,,,0.0,0.0
UserInfo_23_AK,49999,float64,0.00268005360107,0.0517003324295,0.0,0.0,0.0,0.0,1.0,0.0,1.0,,,,49865.0,134.0,,,,0.0,0.0
UserInfo_23_H,49999,float64,0.00218004360087,0.0466404815405,0.0,0.0,0.0,0.0,1.0,0.0,1.0,,,,49890.0,109.0,,,,0.0,0.0
UserInfo_23_Y,49999,float64,0.00156003120062,0.0394668044877,0.0,0.0,0.0,0.0,1.0,0.0,1.0,,,,49921.0,78.0,,,,0.0,0.0
UserInfo_23_专科毕业,49999,float64,0.0015000300006,0.0387015486434,0.0,0.0,0.0,0.0,1.0,0.0,1.0,,,,49924.0,75.0,,,,0.0,0.0
UserInfo_23_K,49999,float64,0.00134002680054,0.0365822073473,0.0,0.0,0.0,0.0,1.0,0.0,1.0,,,,49932.0,67.0,,,,0.0,0.0
UserInfo_23_P,49999,float64,0.00120002400048,0.0346209173119,0.0,0.0,0.0,0.0,1.0,0.0,1.0,,,,49939.0,60.0,,,,0.0,0.0
UserInfo_23_AI,49999,float64,0.00118002360047,0.0343315411588,0.0,0.0,0.0,0.0,1.0,0.0,1.0,,,,49940.0,59.0,,,,0.0,0.0
UserInfo_23_Others,49999,float64,0.00248004960099,0.0497388021059,0.0,0.0,0.0,0.0,1.0,0.0,1.0,,,,49875.0,124.0,,,,0.0,0.0
UserInfo_22_未婚,49999,float64,0.0440008800176,0.205099107519,0.0,0.0,0.0,0.0,1.0,0.0,1.0,,,,47799.0,2200.0,,,,0.0,0.0
UserInfo_22_已婚,49999,float64,0.0152203044061,0.122429353199,0.0,0.0,0.0,0.0,1.0,0.0,1.0,,,,49238.0,761.0,,,,0.0,0.0
UserInfo_22_离婚,49999,float64,0.00118002360047,0.0343315411588,0.0,0.0,0.0,0.0,1.0,0.0,1.0,,,,49940.0,59.0,,,,0.0,0.0
UserInfo_24,49999,float64,0.930178603572,0.254848323534,0.0,1.0,1.0,1.0,1.0,1.0,0.0,,,,46508.0,3491.0,,,,0.0,0.0
SocialNetwork_1,49999,float64,0.9988199764,0.0343315411588,0.0,1.0,1.0,1.0,1.0,1.0,0.0,,,,49940.0,59.0,,,,0.0,0.0
WeblogInfo_19_I,49999,float64,0.731234624692,0.443322094094,0.0,0.0,1.0,1.0,1.0,1.0,0.0,,,,36561.0,13438.0,,,,0.0,0.0
WeblogInfo_19_D,49999,float64,0.118602372047,0.323323275056,0.0,0.0,0.0,0.0,1.0,0.0,1.0,,,,44069.0,5930.0,,,,0.0,0.0
WeblogInfo_19_F,49999,float64,0.0397207944159,0.195304418277,0.0,0.0,0.0,0.0,1.0,0.0,1.0,,,,48013.0,1986.0,,,,0.0,0.0
WeblogInfo_19_E,49999,float64,0.00630012600252,0.0791236982741,0.0,0.0,0.0,0.0,1.0,0.0,1.0,,,,49684.0,315.0,,,,0.0,0.0
WeblogInfo_19_J,49999,float64,0.00348006960139,0.0588899658593,0.0,0.0,0.0,0.0,1.0,0.0,1.0,,,,49825.0,174.0,,,,0.0,0.0
WeblogInfo_19_G,49999,float64,0.00270005400108,0.0518923652082,0.0,0.0,0.0,0.0,1.0,0.0,1.0,,,,49864.0,135.0,,,,0.0,0.0
UserInfo_11,49999,float64,0.336226724534,0.472422245442,0.0,0.0,0.0,1.0,1.0,0.0,1.0,,,,33188.0,16811.0,,,,0.0,0.0
UserInfo_12,49999,float64,0.236644732895,0.425026606594,0.0,0.0,0.0,0.0,1.0,0.0,1.0,,,,38167.0,11832.0,,,,0.0,0.0
UserInfo_13,49999,float64,0.235944718894,0.424592056168,0.0,0.0,0.0,0.0,1.0,0.0,1.0,,,,38202.0,11797.0,,,,0.0,0.0
SocialNetwork_7,49999,float64,0.0259605192104,0.159019107042,0.0,0.0,0.0,0.0,1.0,0.0,1.0,,,,48701.0,1298.0,,,,0.0,0.0
UserInfo_16_1,49999,float64,0.603392067841,0.489198187548,0.0,0.0,1.0,1.0,1.0,1.0,0.0,,,,30169.0,19830.0,,,,0.0,0.0
UserInfo_16_2,49999,float64,0.311806236125,0.463235792089,0.0,0.0,0.0,1.0,1.0,0.0,1.0,,,,34409.0,15590.0,,,,0.0,0.0
UserInfo_16_6,49999,float64,0.0338406768135,0.180820738142,0.0,0.0,0.0,0.0,1.0,0.0,1.0,,,,48307.0,1692.0,,,,0.0,0.0
UserInfo_16_3,49999,float64,0.0266005320106,0.160914454251,0.0,0.0,0.0,0.0,1.0,0.0,1.0,,,,48669.0,1330.0,,,,0.0,0.0
UserInfo_16_4,49999,float64,0.0243004860097,0.15398196845,0.0,0.0,0.0,0.0,1.0,0.0,1.0,,,,48784.0,1215.0,,,,0.0,0.0
UserInfo_17,49999,float64,0.87379747595,0.332080792234,0.0,1.0,1.0,1.0,1.0,1.0,0.0,,,,43689.0,6310.0,,,,0.0,0.0
SocialNetwork_2_0,49999,float64,0.972559451189,0.163364925442,0.0,1.0,1.0,1.0,1.0,1.0,0.0,,,,48627.0,1372.0,,,,0.0,0.0
SocialNetwork_2_1,49999,float64,0.0231404628093,0.150351035606,0.0,0.0,0.0,0.0,1.0,0.0,1.0,,,,48842.0,1157.0,,,,0.0,0.0
SocialNetwork_2_2,49999,float64,0.00430008600172,0.0654345543075,0.0,0.0,0.0,0.0,1.0,0.0,1.0,,,,49784.0,215.0,,,,0.0,0.0
UserInfo_19_山东,49999,float64,0.0796815936319,0.270802333771,0.0,0.0,0.0,0.0,1.0,0.0,1.0,,,,46015.0,3984.0,,,,0.0,0.0
UserInfo_19_广东,49999,float64,0.0793215864317,0.2702427298,0.0,0.0,0.0,0.0,1.0,0.0,1.0,,,,46033.0,3966.0,,,,0.0,0.0
UserInfo_19_福建,49999,float64,0.0678613572271,0.25151035485,0.0,0.0,0.0,0.0,1.0,0.0,1.0,,,,46606.0,3393.0,,,,0.0,0.0
UserInfo_19_四川,49999,float64,0.0632412648253,0.243398833465,0.0,0.0,0.0,0.0,1.0,0.0,1.0,,,,46837.0,3162.0,,,,0.0,0.0
UserInfo_19_江苏,49999,float64,0.0605412108242,0.238489224455,0.0,0.0,0.0,0.0,1.0,0.0,1.0,,,,46972.0,3027.0,,,,0.0,0.0
UserInfo_19_湖南,49999,float64,0.059921198424,0.237343158868,0.0,0.0,0.0,0.0,1.0,0.0,1.0,,,,47003.0,2996.0,,,,0.0,0.0
UserInfo_19_河南,49999,float64,0.0586411728235,0.234954229086,0.0,0.0,0.0,0.0,1.0,0.0,1.0,,,,47067.0,2932.0,,,,0.0,0.0
UserInfo_19_浙江,49999,float64,0.0565211304226,0.230927605129,0.0,0.0,0.0,0.0,1.0,0.0,1.0,,,,47173.0,2826.0,,,,0.0,0.0
UserInfo_19_湖北,49999,float64,0.0536010720214,0.225231018512,0.0,0.0,0.0,0.0,1.0,0.0,1.0,,,,47319.0,2680.0,,,,0.0,0.0
UserInfo_19_安徽,49999,float64,0.0490609812196,0.215997533455,0.0,0.0,0.0,0.0,1.0,0.0,1.0,,,,47546.0,2453.0,,,,0.0,0.0
UserInfo_19_河北,49999,float64,0.0404408088162,0.196992705288,0.0,0.0,0.0,0.0,1.0,0.0,1.0,,,,47977.0,2022.0,,,,0.0,0.0
UserInfo_19_广西壮族自治区,49999,float64,0.0402008040161,0.19643184848,0.0,0.0,0.0,0.0,1.0,0.0,1.0,,,,47989.0,2010.0,,,,0.0,0.0
UserInfo_19_江西,49999,float64,0.0377407548151,0.190570502959,0.0,0.0,0.0,0.0,1.0,0.0,1.0,,,,48112.0,1887.0,,,,0.0,0.0
UserInfo_19_山西,49999,float64,0.0314406288126,0.174507090799,0.0,0.0,0.0,0.0,1.0,0.0,1.0,,,,48427.0,1572.0,,,,0.0,0.0
UserInfo_19_黑龙江,49999,float64,0.0269805396108,0.162028130786,0.0,0.0,0.0,0.0,1.0,0.0,1.0,,,,48650.0,1349.0,,,,0.0,0.0
UserInfo_19_辽宁,49999,float64,0.0235204704094,0.151551038415,0.0,0.0,0.0,0.0,1.0,0.0,1.0,,,,48823.0,1176.0,,,,0.0,0.0
UserInfo_19_陕西,49999,float64,0.0232004640093,0.150541209445,0.0,0.0,0.0,0.0,1.0,0.0,1.0,,,,48839.0,1160.0,,,,0.0,0.0
UserInfo_19_贵州,49999,float64,0.0228204564091,0.14933227779,0.0,0.0,0.0,0.0,1.0,0.0,1.0,,,,48858.0,1141.0,,,,0.0,0.0
UserInfo_19_云南,49999,float64,0.0221804436089,0.147271536004,0.0,0.0,0.0,0.0,1.0,0.0,1.0,,,,48890.0,1109.0,,,,0.0,0.0
UserInfo_19_内蒙古自治区,49999,float64,0.0185603712074,0.134967581887,0.0,0.0,0.0,0.0,1.0,0.0,1.0,,,,49071.0,928.0,,,,0.0,0.0
UserInfo_19_甘肃,49999,float64,0.0181003620072,0.133315769403,0.0,0.0,0.0,0.0,1.0,0.0,1.0,,,,49094.0,905.0,,,,0.0,0.0
UserInfo_19_吉林,49999,float64,0.0171203424068,0.129721134904,0.0,0.0,0.0,0.0,1.0,0.0,1.0,,,,49143.0,856.0,,,,0.0,0.0
UserInfo_19_重庆,49999,float64,0.0130202604052,0.113362208205,0.0,0.0,0.0,0.0,1.0,0.0,1.0,,,,49348.0,651.0,,,,0.0,0.0
UserInfo_19_新疆维吾尔自治区,49999,float64,0.00690013800276,0.0827808139263,0.0,0.0,0.0,0.0,1.0,0.0,1.0,,,,49654.0,345.0,,,,0.0,0.0
UserInfo_19_上海,49999,float64,0.00662013240265,0.081095238954,0.0,0.0,0.0,0.0,1.0,0.0,1.0,,,,49668.0,331.0,,,,0.0,0.0
UserInfo_19_宁夏回族自治区,49999,float64,0.0065001300026,0.0803617289217,0.0,0.0,0.0,0.0,1.0,0.0,1.0,,,,49674.0,325.0,,,,0.0,0.0
UserInfo_19_海南,49999,float64,0.00558011160223,0.0744921803994,0.0,0.0,0.0,0.0,1.0,0.0,1.0,,,,49720.0,279.0,,,,0.0,0.0
UserInfo_19_天津,49999,float64,0.00444008880178,0.0664865612303,0.0,0.0,0.0,0.0,1.0,0.0,1.0,,,,49777.0,222.0,,,,0.0,0.0
UserInfo_19_北京,49999,float64,0.00408008160163,0.063745712073,0.0,0.0,0.0,0.0,1.0,0.0,1.0,,,,49795.0,204.0,,,,0.0,0.0
UserInfo_19_青海,49999,float64,0.00206004120082,0.0453413558318,0.0,0.0,0.0,0.0,1.0,0.0,1.0,,,,49896.0,103.0,,,,0.0,0.0
ThirdParty_Info_1_median,49999,float64,25.548800976,38.2144119694,0.0,1.5,10.0,33.5,491.0,0.0,1.0,2.0,3.0,0.5,9552.0,1753.0,1422.0,1265.0,1029.0,34978.0,0.0
ThirdParty_Info_10_median,49999,float64,0.692213844277,1.20488491023,0.0,0.0,0.0,1.0,15.0,0.0,1.0,0.5,2.0,1.5,29582.0,7392.0,3911.0,2782.0,1857.0,4475.0,0.0
ThirdParty_Info_11_median,49999,float64,18.6245624912,14.1279300831,0.0,8.5,15.0,24.5,177.5,8.0,7.0,6.0,11.0,9.0,1361.0,1331.0,1310.0,1304.0,1287.0,43406.0,0.0
ThirdParty_Info_12_median,49999,float64,1.70591411828,25.671350879,0.0,0.0,0.0,1.0,2221.0,0.0,1.0,0.5,2.0,1.5,33533.0,5162.0,3891.0,1856.0,1470.0,4087.0,0.0
ThirdParty_Info_13_median,49999,float64,21383.449249,35266.9130875,0.0,7981.25,15371.5,27100.5,3027143.5,0.0,5297.0,8323.0,5688.0,8456.0,800.0,7.0,6.0,6.0,6.0,49174.0,0.0
ThirdParty_Info_14_median,49999,float64,18916.4106682,33855.0009853,0.0,7394.75,14111.5,24401.5,2547928.5,0.0,6519.0,8219.0,11794.0,10664.0,2043.0,7.0,6.0,6.0,6.0,47931.0,0.0
ThirdParty_Info_15_median,49999,float64,1618.94049881,5224.56249232,0.0,63.0,296.5,1138.75,246468.5,0.0,20.0,10.0,18.0,15.0,5501.0,102.0,95.0,93.0,91.0,44117.0,0.0
ThirdParty_Info_16_median,49999,float64,26058.8625473,49910.372324,0.0,10006.25,19001.5,33133.0,4285875.5,0.0,15083.0,18699.0,9119.0,15915.0,1574.0,9.0,7.0,7.0,7.0,48395.0,0.0
ThirdParty_Info_17_median,49999,float64,12330.5061701,17579.7726828,0.0,4576.0,9056.5,15893.0,1247651.5,0.0,5593.0,2325.0,5298.0,6779.0,1600.0,8.0,8.0,8.0,7.0,48368.0,0.0
ThirdParty_Info_2_median,49999,float64,16.7913358267,28.747569585,0.0,1.0,6.0,20.0,575.5,0.0,1.0,2.0,3.0,0.5,10767.0,2232.0,1785.0,1500.0,1412.0,32303.0,0.0
ThirdParty_Info_3_median,49999,float64,215.60552211,183.093845499,0.0,91.0,166.0,284.0,2235.0,0.0,102.0,52.0,70.0,75.0,370.0,141.0,132.0,131.0,128.0,49097.0,0.0
ThirdParty_Info_4_median,49999,float64,209.677123542,180.819289575,0.0,87.0,162.0,279.5,2994.5,0.0,74.0,90.0,118.0,92.0,1644.0,142.0,131.0,130.0,126.0,47826.0,0.0
ThirdParty_Info_5_median,49999,float64,82.4826396528,58.290260497,0.0,44.0,69.0,105.5,1198.5,56.0,45.0,62.0,58.0,52.0,356.0,353.0,351.0,349.0,348.0,48242.0,0.0
ThirdParty_Info_6_median,49999,float64,15.8082661653,44.0112904107,0.0,1.5,5.0,13.0,1288.0,0.0,1.0,2.0,3.0,4.0,4839.0,3940.0,3201.0,2558.0,2114.0,33347.0,0.0
ThirdParty_Info_7_median,49999,float64,296.939538791,255.321933402,0.0,123.5,227.5,393.0,2978.0,0.0,88.0,153.0,112.0,98.0,1171.0,113.0,102.0,101.0,99.0,48413.0,0.0
ThirdParty_Info_8_median,49999,float64,110.869357387,95.5284430952,0.0,46.25,86.0,146.5,1488.0,0.0,56.0,49.0,42.0,35.0,1197.0,249.0,239.0,237.0,234.0,47843.0,0.0
ThirdParty_Info_9_median,49999,float64,1.81463629273,4.59939530381,0.0,0.0,0.0,2.0,214.0,0.0,1.0,0.5,2.0,1.5,29582.0,3587.0,2757.0,2063.0,1562.0,10448.0,0.0
ThirdParty_Info_1_std,49999,float64,14.7373059471,18.0871878475,0.0,2.94392028878,8.68907359849,20.0594946316,570.363167514,0.0,0.408248290464,0.816496580928,0.836660026534,1.22474487139,4718.0,548.0,332.0,227.0,172.0,44002.0,0.0
ThirdParty_Info_10_std,49999,float64,0.708784232559,0.735288517654,0.0,0.0,0.516397779494,1.03279555899,10.2859126965,0.0,0.408248290464,0.816496580928,0.516397779494,0.836660026534,14750.0,5029.0,2319.0,1864.0,1797.0,24240.0,0.0
ThirdParty_Info_11_std,49999,float64,6.36863125795,4.82650917351,0.0,3.10912635103,5.12835256198,8.21583836258,77.7045687202,0.0,1.67332005307,2.63944438598,1.41421356237,2.07364413533,584.0,147.0,135.0,134.0,133.0,48866.0,0.0
ThirdParty_Info_12_std,49999,float64,1.41910363767,11.1215973663,0.0,0.0,0.516397779494,1.15470053838,850.093877169,0.0,0.408248290464,0.816496580928,0.836660026534,0.516397779494,17018.0,5327.0,2019.0,1557.0,1543.0,22535.0,0.0
ThirdParty_Info_13_std,49999,float64,9572.49059751,17618.7513299,0.0,3532.61432518,6636.96818334,11717.1051043,1672763.41182,0.0,5456.03592364,8712.96975778,416.485894119,264.457936164,955.0,2.0,2.0,2.0,2.0,49036.0,0.0
ThirdParty_Info_14_std,49999,float64,7995.97562385,14232.7932648,0.0,3109.64101294,5792.44759148,9948.76704805,1226439.56987,0.0,2199.10208949,345.775216,8.16496580928,8369.31586212,1950.0,2.0,2.0,2.0,2.0,48041.0,0.0
ThirdParty_Info_15_std,49999,float64,1545.76019844,3344.99357052,0.0,168.447049048,540.807082054,1600.24358526,147149.497368,0.0,4.4907311951,12.2474487139,10.6144555521,13.8804418758,1642.0,14.0,14.0,13.0,13.0,48303.0,0.0
ThirdParty_Info_16_std,49999,float64,10474.2765093,21930.7766213,0.0,4097.0363038,7512.78461469,12987.7228197,2060548.1315,0.0,3310.67394952,535.986940139,2353.99910082,275.064537882,1658.0,2.0,2.0,2.0,2.0,48333.0,0.0
ThirdParty_Info_17_std,49999,float64,6190.7465139,8936.81092112,0.0,2325.59316261,4367.911984,7737.93774245,737553.238348,0.0,7.07106781187,127.279220614,1094.60129728,1.41421356237,1685.0,2.0,2.0,2.0,2.0,48306.0,0.0
ThirdParty_Info_2_std,49999,float64,11.8697254938,15.6097873322,0.0,2.38047614285,6.71317113343,15.4035400675,431.09898322,0.0,0.408248290464,0.816496580928,0.836660026534,1.22474487139,4813.0,599.0,427.0,268.0,191.0,43701.0,0.0
ThirdParty_Info_3_std,49999,float64,81.562093639,73.6062873936,0.0,33.8769833287,61.0507985206,105.643109883,1429.35719818,0.0,1.41421356237,21.2132034356,7.07106781187,12.0208152802,599.0,12.0,10.0,8.0,8.0,49362.0,0.0
ThirdParty_Info_4_std,49999,float64,76.2335398759,70.1499957775,0.0,31.0376115176,57.0242638415,98.8858769748,1195.21324457,0.0,0.408248290464,4.24264068712,0.816496580928,13.4350288425,1601.0,18.0,10.0,9.0,8.0,48353.0,0.0
ThirdParty_Info_5_std,49999,float64,23.2681401421,20.8682549811,0.0,11.0890336219,18.1732404008,29.2090983827,662.766927358,0.0,5.65685424949,3.53553390593,5.68330889535,8.48528137424,539.0,24.0,23.0,20.0,19.0,49374.0,0.0
ThirdParty_Info_6_std,49999,float64,10.0035776408,19.5437953039,0.0,2.13697605664,4.54606056566,9.93981891183,675.210905323,0.0,0.816496580928,0.836660026534,0.408248290464,0.894427191,1285.0,510.0,439.0,426.0,312.0,47027.0,0.0
ThirdParty_Info_7_std,49999,float64,107.747289883,97.4172281492,0.0,44.3320801812,80.7382602405,140.676282902,2243.69154891,0.0,5.65685424949,27.5771644663,18.3847763109,28.2842712475,1313.0,10.0,10.0,7.0,7.0,48652.0,0.0
ThirdParty_Info_8_std,49999,float64,43.9563080906,39.2700379249,0.0,18.8524975775,33.4469729572,56.797447124,732.931010851,0.0,6.36396103068,11.313708499,9.89949493661,5.65685424949,1341.0,16.0,15.0,14.0,14.0,48599.0,0.0
ThirdParty_Info_9_std,49999,float64,2.65161242181,4.53924755617,0.0,0.0,1.21106014164,3.37144874893,178.809395726,0.0,0.408248290464,0.816496580928,0.836660026534,1.22474487139,14545.0,2737.0,1492.0,825.0,713.0,29687.0,0.0
ThirdParty_Info_1_min,49999,float64,9.91439828797,20.6795130064,0.0,0.0,1.0,10.0,369.0,0.0,1.0,2.0,3.0,4.0,22587.0,3590.0,2536.0,1906.0,1536.0,17844.0,0.0
ThirdParty_Info_11_min,49999,float64,9.70517410348,9.89978078826,0.0,3.0,7.0,13.0,140.0,0.0,2.0,1.0,3.0,4.0,4218.0,3694.0,3519.0,3506.0,3264.0,31798.0,0.0
ThirdParty_Info_12_min,49999,float64,0.563791275826,12.0271190157,0.0,0.0,0.0,0.0,922.0,0.0,1.0,2.0,3.0,4.0,46791.0,1827.0,570.0,232.0,141.0,438.0,0.0
ThirdParty_Info_13_min,49999,float64,9976.50207004,16517.8057539,0.0,2331.0,6111.0,12722.5,875678.0,0.0,22.0,23.0,10.0,370.0,1448.0,15.0,15.0,15.0,15.0,48491.0,0.0
ThirdParty_Info_14_min,49999,float64,8975.4550091,16975.330245,0.0,2131.5,5771.0,11866.5,1616946.0,0.0,31.0,19.0,6274.0,226.0,3151.0,14.0,12.0,12.0,12.0,46798.0,0.0
ThirdParty_Info_15_min,49999,float64,523.119742395,2625.65498407,0.0,0.0,2.0,166.0,120300.0,0.0,12.0,11.0,17.0,21.0,24956.0,197.0,195.0,181.0,180.0,24290.0,0.0
ThirdParty_Info_16_min,49999,float64,12746.3270065,23264.0830247,0.0,3207.5,8066.0,16508.0,1832027.0,0.0,3778.0,3337.0,4764.0,5699.0,2185.0,11.0,11.0,11.0,10.0,47771.0,0.0
ThirdParty_Info_17_min,49999,float64,5341.11026221,8844.96432235,0.0,1094.0,3188.0,7021.5,517025.0,0.0,107.0,142.0,19.0,171.0,3037.0,20.0,19.0,19.0,19.0,46885.0,0.0
ThirdParty_Info_2_min,49999,float64,5.79815596312,14.8010196475,0.0,0.0,0.0,5.0,409.0,0.0,1.0,2.0,3.0,4.0,26463.0,4155.0,2806.0,2067.0,1499.0,13009.0,0.0
ThirdParty_Info_3_min,49999,float64,106.240644813,117.509371496,0.0,29.0,70.0,141.0,1982.0,0.0,1.0,14.0,2.0,7.0,860.0,578.0,442.0,432.0,431.0,47256.0,0.0
ThirdParty_Info_4_min,49999,float64,103.732834657,114.759959472,0.0,27.0,69.0,140.5,2515.0,0.0,1.0,18.0,20.0,17.0,2678.0,521.0,395.0,393.0,386.0,45626.0,0.0
ThirdParty_Info_5_min,49999,float64,50.1554831097,41.9486544846,0.0,22.0,40.0,67.0,741.0,27.0,21.0,22.0,26.0,17.0,779.0,778.0,771.0,746.0,738.0,46187.0,0.0
ThirdParty_Info_6_min,49999,float64,5.9931198624,24.4493415755,0.0,0.0,1.0,3.0,1016.0,0.0,1.0,2.0,3.0,4.0,23996.0,6818.0,4078.0,2651.0,1979.0,10477.0,0.0
ThirdParty_Info_7_min,49999,float64,149.32198644,163.281097055,0.0,41.0,99.0,200.0,2512.0,0.0,20.0,1.0,36.0,35.0,1672.0,322.0,305.0,296.0,291.0,47113.0,0.0
ThirdParty_Info_8_min,49999,float64,52.115102302,59.1754756736,0.0,13.0,34.0,70.0,855.0,0.0,1.0,3.0,4.0,5.0,2533.0,960.0,858.0,804.0,798.0,44046.0,0.0
ThirdParty_Info_9_min,49999,float64,0.414588291766,1.90655851854,0.0,0.0,0.0,0.0,71.0,0.0,1.0,2.0,3.0,4.0,43974.0,2411.0,1168.0,743.0,463.0,1240.0,0.0
ThirdParty_Info_1_max,49999,float64,21.7201844037,28.5586311579,0.0,4.0,12.5,28.5,1121.0,0.0,1.0,3.0,2.0,4.0,4892.0,1722.0,1525.0,1516.0,1312.0,39032.0,0.0
ThirdParty_Info_10_max,49999,float64,1.20274405488,1.38202462713,0.0,0.0,1.0,2.0,23.0,0.0,1.0,2.0,1.5,3.0,16598.0,14817.0,6370.0,2707.0,2536.0,6971.0,0.0
ThirdParty_Info_11_max,49999,float64,7.65980319606,6.61469830141,0.0,3.5,6.0,10.0,124.0,4.0,3.0,2.0,5.0,6.0,3261.0,3254.0,2978.0,2953.0,2459.0,35094.0,0.0
ThirdParty_Info_12_max,49999,float64,2.32326646533,14.0458916543,0.0,0.0,1.0,2.0,1098.0,0.0,1.0,2.0,3.0,1.5,17920.0,13116.0,5311.0,2391.0,1828.0,9433.0,0.0
ThirdParty_Info_13_max,49999,float64,13318.5738515,24127.285721,0.0,4143.5,8371.0,15861.25,1742544.5,0.0,2792.0,4034.0,3437.0,6033.0,955.0,9.0,9.0,9.0,9.0,49008.0,0.0
ThirdParty_Info_14_max,49999,float64,10766.299506,17774.9698741,0.0,3506.75,7134.0,13139.25,1102726.5,0.0,2343.0,5442.0,6386.0,1755.0,1951.0,11.0,10.0,10.0,9.0,48008.0,0.0
ThirdParty_Info_15_max,49999,float64,2778.36602732,6140.97549077,0.0,288.0,953.5,2876.0,327435.0,0.0,30.0,34.0,64.0,19.0,1646.0,48.0,45.0,45.0,44.0,48171.0,0.0
ThirdParty_Info_16_max,49999,float64,13823.9766495,26083.8085824,0.0,4665.0,9267.5,16981.25,1791938.5,0.0,3047.0,5960.0,6063.0,2523.0,1658.0,8.0,8.0,8.0,8.0,48309.0,0.0
ThirdParty_Info_17_max,49999,float64,9003.61643233,13648.0731167,0.0,2732.0,5725.0,10955.5,809450.5,0.0,774.0,2468.0,1864.0,1386.0,1685.0,10.0,10.0,10.0,10.0,48274.0,0.0
ThirdParty_Info_2_max,49999,float64,18.7841156823,25.9141786804,0.0,3.5,10.0,24.0,498.0,0.0,1.0,2.0,3.0,4.0,5015.0,1935.0,1901.0,1686.0,1637.0,37825.0,0.0
ThirdParty_Info_3_max,49999,float64,102.599081982,110.159209352,0.0,37.0,71.0,129.5,2541.5,0.0,26.0,27.0,25.0,41.0,613.0,288.0,284.0,282.0,281.0,48251.0,0.0
ThirdParty_Info_4_max,49999,float64,92.7183643673,101.17377226,0.0,32.5,64.0,118.0,2899.5,0.0,33.0,26.0,32.0,21.0,1612.0,324.0,296.0,294.0,293.0,47180.0,0.0
ThirdParty_Info_5_max,49999,float64,28.1773335467,31.9022293662,0.0,11.5,20.5,35.0,1009.0,10.0,11.0,13.0,9.0,14.0,969.0,967.0,962.0,940.0,915.0,45246.0,0.0
ThirdParty_Info_6_max,49999,float64,15.6237424748,30.4758354958,0.0,3.0,7.0,16.0,1143.0,2.0,1.0,3.0,4.0,5.0,3070.0,2734.0,2563.0,2425.0,1962.0,37245.0,0.0
ThirdParty_Info_7_max,49999,float64,133.070381408,140.436008194,0.0,47.5,93.0,171.0,5472.5,0.0,42.0,62.0,30.0,45.0,1321.0,222.0,222.0,220.0,220.0,47794.0,0.0
ThirdParty_Info_8_max,49999,float64,55.6733534671,58.6219012424,0.0,20.5,39.5,71.0,1306.0,0.0,15.0,18.0,14.0,23.0,1362.0,491.0,477.0,475.0,473.0,46721.0,0.0
ThirdParty_Info_9_max,49999,float64,5.13700274005,9.29683483075,0.0,0.0,2.0,6.0,398.0,0.0,1.0,2.0,3.0,4.0,14795.0,5836.0,4135.0,3130.0,2307.0,19796.0,0.0
ThirdParty_Info_1_first,49999,float64,19.3894077882,32.2409699577,0.0,1.0,7.0,24.0,489.0,0.0,1.0,2.0,3.0,4.0,11639.0,3391.0,2663.0,2083.0,1764.0,28459.0,0.0
ThirdParty_Info_10_first,49999,float64,0.97435948719,1.63375926746,0.0,0.0,0.0,1.0,28.0,0.0,1.0,2.0,3.0,4.0,28228.0,10363.0,4938.0,2793.0,1538.0,2139.0,0.0
ThirdParty_Info_11_first,49999,float64,13.2344246885,12.6390686368,0.0,4.0,10.0,18.0,184.0,4.0,3.0,2.0,5.0,6.0,2615.0,2613.0,2583.0,2540.0,2530.0,37118.0,0.0
ThirdParty_Info_12_first,49999,float64,1.29276585532,15.9335069879,0.0,0.0,0.0,0.0,1038.0,0.0,1.0,2.0,3.0,4.0,37606.0,6390.0,2514.0,1097.0,647.0,1745.0,0.0
ThirdParty_Info_13_first,49999,float64,15160.7797356,24365.9910167,0.0,3812.0,9294.0,19085.5,1120334.0,0.0,1808.0,1129.0,1460.0,1999.0,986.0,12.0,11.0,11.0,10.0,48969.0,0.0
ThirdParty_Info_14_first,49999,float64,13406.151583,22527.6119461,0.0,3658.0,8814.0,17414.0,1616946.0,0.0,10274.0,1731.0,6274.0,1167.0,2188.0,11.0,11.0,10.0,10.0,47769.0,0.0
ThirdParty_Info_15_first,49999,float64,1347.30936619,4887.06401721,0.0,0.0,139.0,795.5,334418.0,0.0,21.0,11.0,16.0,30.0,14101.0,150.0,143.0,141.0,137.0,35327.0,0.0
ThirdParty_Info_16_first,49999,float64,18740.7160143,31268.7457075,0.0,5264.0,12170.0,24047.0,1832027.0,0.0,1086.0,1709.0,7704.0,2887.0,1561.0,9.0,9.0,9.0,8.0,48403.0,0.0
ThirdParty_Info_17_first,49999,float64,8483.22602452,13293.1914353,0.0,1883.0,5065.0,10914.0,709440.0,0.0,977.0,270.0,180.0,1861.0,2367.0,15.0,14.0,14.0,13.0,47576.0,0.0
ThirdParty_Info_2_first,49999,float64,14.1398427969,26.3021641037,0.0,0.0,5.0,16.0,999.0,0.0,1.0,2.0,3.0,4.0,12949.0,4073.0,3174.0,2468.0,2097.0,25238.0,0.0
ThirdParty_Info_3_first,49999,float64,147.130582612,160.559182044,0.0,44.0,98.0,194.0,3173.0,0.0,24.0,35.0,21.0,30.0,545.0,314.0,313.0,309.0,306.0,48212.0,0.0
ThirdParty_Info_4_first,49999,float64,141.294525891,152.294398451,0.0,43.0,96.0,187.0,3653.0,0.0,43.0,30.0,28.0,46.0,1790.0,315.0,307.0,306.0,295.0,46986.0,0.0
ThirdParty_Info_5_first,49999,float64,65.3717674353,52.8545537858,0.0,30.0,53.0,86.0,1516.0,30.0,26.0,31.0,32.0,34.0,635.0,627.0,602.0,602.0,592.0,46941.0,0.0
ThirdParty_Info_6_first,49999,float64,11.5924118482,35.9952647106,0.0,0.0,3.0,9.0,1597.0,0.0,1.0,2.0,3.0,4.0,13358.0,6155.0,4523.0,3388.0,2712.0,19863.0,0.0
ThirdParty_Info_7_first,49999,float64,204.273665473,218.576458649,0.0,63.0,139.0,270.0,6743.0,0.0,35.0,58.0,54.0,63.0,1154.0,238.0,234.0,220.0,220.0,47933.0,0.0
ThirdParty_Info_8_first,49999,float64,72.5590311806,81.1345168395,0.0,20.0,48.0,96.0,1354.0,0.0,13.0,16.0,12.0,11.0,1965.0,593.0,593.0,566.0,560.0,45722.0,0.0
ThirdParty_Info_9_first,49999,float64,2.85647712954,7.60574227083,0.0,0.0,0.0,3.0,398.0,0.0,1.0,2.0,3.0,4.0,28228.0,5460.0,3417.0,2346.0,1762.0,8786.0,0.0
Education_count,49999,int64,7.96413928279,0.204488892874,6.0,8.0,8.0,8.0,8.0,8.0,7.0,6.0,,,48387.0,1431.0,181.0,,,0.0,0.0
SocialNetwork_count,49999,int64,8.13394267885,2.0620983991,7.0,7.0,7.0,11.0,17.0,7.0,11.0,16.0,12.0,8.0,37110.0,11216.0,1078.0,286.0,172.0,137.0,0.0
ThirdParty_count,49999,int64,94.8054561091,16.6663878561,0.0,85.0,102.0,102.0,119.0,102.0,85.0,68.0,119.0,51.0,34256.0,9043.0,2560.0,1809.0,1346.0,985.0,0.0
UserInfo_count,49999,int64,21.6516730335,1.80154394158,12.0,21.0,21.0,24.0,24.0,21.0,24.0,18.0,20.0,19.0,28962.0,15529.0,4330.0,546.0,207.0,425.0,0.0
WeblogInfo_count,49999,int64,54.1418228365,2.89766156461,21.0,54.0,55.0,55.0,57.0,55.0,54.0,52.0,57.0,50.0,34200.0,7150.0,3869.0,1330.0,1108.0,2342.0,0.0
